"First Name","Last Name","Gender"
"Evelyn","Thompson","Female"
"Martin","West","Male"
"Amber","Turner","Female"
"Carl","Kelly","Male"
"Albert","Cole","Male"
"Edward","Ryan","Male"
"Fiona","Richardson","Female"
"Caroline","Harper","Female"
"Honey","Farrell","Female"
"Maria","Owens","Female"
"Audrey","Holmes","Female"
"George","Crawford","Male"
"Spike","Myers","Male"
"Ned","Alexander","Male"
"Brad","Grant","Male"
"Lyndon","Myers","Male"
"Walter","Russell","Male"
"Albert","Roberts","Male"
"Abraham","Gray","Male"
"Carl","Andrews","Male"
"Annabella","Douglas","Female"
"Honey","Mitchell","Female"
"Tess","Hill","Female"
"Walter","Higgins","Male"
"Savana","Cunningham","Female"
"Adele","Brooks","Female"
"Rosie","Grant","Female"
"Myra","Johnston","Female"
"Alen","Wright","Male"
"Adison","Rogers","Male"
"John","Murphy","Male"
"Alberta","Grant","Female"
"James","Stewart","Male"
"William","Douglas","Male"
"Bruce","Wilson","Male"
"Roman","Holmes","Male"
"Jared","Warren","Male"
"Tess","Payne","Female"
"David","Campbell","Male"
"Gianna","Hall","Female"
"Lucia","Reed","Female"
"Frederick","Cooper","Male"
"Camila","Campbell","Female"
"Edith","Craig","Female"
"Edward","Williams","Male"
"Lily","Ferguson","Female"
"Olivia","Reed","Female"
"Adele","Roberts","Female"
"Cadie","Hall","Female"
"Edgar","Moore","Male"
"Maria","Walker","Female"
"Owen","Richardson","Male"
"Robert","Ross","Male"
"Clark","Chapman","Male"
"Elian","Riley","Male"
"Lucas","Spencer","Male"
"Alexander","Bennett","Male"
"Dominik","Douglas","Male"
"Dale","Anderson","Male"
"Tyler","Stevens","Male"
"Reid","Rogers","Male"
"Adrian","Phillips","Male"
"Ted","Gibson","Male"
"Julian","Payne","Male"
"Grace","Cameron","Female"
"Thomas","Gibson","Male"
"Tess","Turner","Female"
"Jessica","Dixon","Female"
"Rafael","Cooper","Male"
"Max","Hamilton","Male"
"Kristian","Lloyd","Male"
"Paul","Andrews","Male"
"William","Carroll","Male"
"Kristian","Martin","Male"
"Elian","Allen","Male"
"Eric","Hamilton","Male"
"George","Mitchell","Male"
"Vanessa","Morris","Female"
"Byron","Carroll","Male"
"Tara","Cooper","Female"
"Vincent","Owens","Male"
"Preston","Morgan","Male"
"Antony","Dixon","Male"
"Sienna","Alexander","Female"
"Henry","Kelly","Male"
"Victoria","Thompson","Female"
"Sarah","Higgins","Female"
"Aldus","Stevens","Male"
"Ryan","Hall","Male"
"Nicole","Stevens","Female"
"Julia","Douglas","Female"
"Edwin","Brown","Male"
"Daniel","Andrews","Male"
"Lily","Roberts","Female"
"Daryl","Stevens","Male"
"Alberta","Williams","Female"
"Aiden","Fowler","Male"
"Aston","Martin","Male"
"Ryan","Henderson","Male"
"Melanie","Perry","Female"
"Julia","Evans","Female"
"Carl","Cameron","Male"
"Ellia","Payne","Female"
"Lucia","Morgan","Female"
"Michael","Morris","Male"
"Reid","Brown","Male"
"Alexander","Morris","Male"
"Alexia","Cole","Female"
"Hailey","Montgomery","Female"
"Lucas","Adams","Male"
"Aston","Bailey","Male"
"Daniel","Miller","Male"
"Mike","Alexander","Male"
"Paige","Douglas","Female"
"Evelyn","Wells","Female"
"Mike","Chapman","Male"
"Tyler","Gray","Male"
"Ashton","Hall","Male"
"Nicole","Elliott","Female"
"Aston","Howard","Male"
"Jasmine","Crawford","Female"
"Eric","Johnson","Male"
"Brianna","Harper","Female"
"Martin","Nelson","Male"
"Andrew","Douglas","Male"
"Isabella","Stevens","Female"
"Alissa","Rogers","Female"
"Edward","Carroll","Male"
"Daniel","Cooper","Male"
"Paige","Walker","Female"
"Jacob","Johnson","Male"
"Samantha","Payne","Female"
"Kellan","Harrison","Male"
"David","Andrews","Male"
"Edith","Hamilton","Female"
"William","Adams","Male"
"Alina","Richards","Female"
"Stella","Mitchell","Female"
"Charlotte","Jones","Female"
"Belinda","Mitchell","Female"
"Violet","Carroll","Female"
"Alexander","Casey","Male"
"Kristian","Mason","Male"
"Abraham","Richards","Male"
"Kate","Harper","Female"
"Miranda","Smith","Female"
"Catherine","Watson","Female"
"Ted","Richardson","Male"
"Alissa","Morris","Female"
"Dexter","Perry","Male"
"Camila","Smith","Female"
"Stuart","Higgins","Male"
"Jared","Douglas","Male"
"Ryan","Scott","Male"
"Rebecca","Moore","Female"
"Nicholas","Turner","Male"
"Naomi","Cunningham","Female"
"Adelaide","Andrews","Female"
"Kate","Kelly","Female"
"David","Tucker","Male"
"Agata","Crawford","Female"
"Adelaide","Reed","Female"
"Chester","Richardson","Male"
"Garry","Watson","Male"
"Leonardo","Kelley","Male"
"Kelvin","Hill","Male"
"Lucas","Watson","Male"
"Garry","Wilson","Male"
"Fenton","Hunt","Male"
"Edith","Morris","Female"
"Nicholas","Ryan","Male"
"Sawyer","Thompson","Male"
"Daniel","Bailey","Male"
"Evelyn","Myers","Female"
"Stella","Scott","Female"
"Martin","Johnston","Male"
"Chester","Cunningham","Male"
"Ada","Nelson","Female"
"Thomas","Mitchell","Male"
"Deanna","Douglas","Female"
"Patrick","Thompson","Male"
"Sabrina","Fowler","Female"
"Connie","Dixon","Female"
"Hailey","Roberts","Female"
"Amelia","Moore","Female"
"Eric","Williams","Male"
"Bruce","Kelley","Male"
"Roland","Roberts","Male"
"Roman","Russell","Male"
"Spike","Fowler","Male"
"Marcus","Hamilton","Male"
"Max","Johnson","Male"
"Stuart","Cole","Male"
"Kelvin","Davis","Male"
"Elise","Barrett","Female"
"Belinda","Robinson","Female"
"David","Mason","Male"
"Gianna","Morgan","Female"
"Ryan","Myers","Male"
"Jenna","Baker","Female"
